{"cameraMode":{"drawMode":0,"name":"Shaded","section":"Shading Mode"},"sceneLighting":true,"audioPlay":false,"sceneViewState":{"m_AlwaysRefresh":false,"showFog":true,"showSkybox":true,"showFlares":true,"showImageEffects":true,"showParticleSystems":true,"showVisualEffectGraphs":true,"m_FxEnabled":true},"in2DMode":false,"pivot":{"x":5.4726738929748539,"y":4.76712703704834,"z":-0.7885499000549316},"rotation":{"x":-0.2552548944950104,"y":-0.18921299278736115,"z":0.051047179847955707,"w":-0.9469261765480042},"size":5.0489959716796879,"orthographic":false}