{"cameraMode":{"drawMode":0,"name":"Shaded","section":"Shading Mode"},"sceneLighting":true,"audioPlay":false,"sceneViewState":{"m_AlwaysRefresh":false,"showFog":true,"showSkybox":true,"showFlares":true,"showImageEffects":true,"showParticleSystems":true,"showVisualEffectGraphs":true,"m_FxEnabled":true},"in2DMode":false,"pivot":{"x":-0.2580220699310303,"y":8.096611022949219,"z":3508.199462890625},"rotation":{"x":-0.041229695081710818,"y":0.05918973311781883,"z":-0.0025309957563877107,"w":-0.9975559115409851},"size":18.895503997802736,"orthographic":false}