{"cameraMode":{"drawMode":0,"name":"Shaded","section":"Shading Mode"},"sceneLighting":false,"audioPlay":false,"sceneViewState":{"m_AlwaysRefresh":false,"showFog":true,"showSkybox":false,"showFlares":true,"showImageEffects":true,"showParticleSystems":true,"showVisualEffectGraphs":true,"m_FxEnabled":true},"in2DMode":false,"pivot":{"x":0.35535764694213869,"y":2.6500000953674318,"z":-16.350000381469728},"rotation":{"x":0.07422953099012375,"y":0.022252032533288003,"z":-0.0018304843688383699,"w":0.997101902961731},"size":2.5969061851501467,"orthographic":false}